City_ID,City,Country,Date,Lat,Lng,Max Temp,Humidity,Cloudiness,Wind Speed
0,Bluff,NZ,2020-07-08 14:30:13,-46.6,168.33,39.0,83,98,3.0
1,Jamestown,US,2020-07-08 14:28:12,42.1,-79.24,82.99,73,1,5.82
2,Busselton,AU,2020-07-08 14:30:05,-33.65,115.33,46.99,87,12,6.98
3,Broome,US,2020-07-08 14:31:57,42.25,-75.83,78.01,88,90,3.36
4,Visnes,NO,2020-07-08 14:30:05,59.36,5.22,57.2,62,40,17.22
5,Praia Da Vitoria,PT,2020-07-08 14:29:05,38.73,-27.07,71.6,83,75,8.52
6,Chiredzi,ZW,2020-07-08 14:30:37,-21.05,31.67,71.69,46,0,8.57
7,Severo-Kurilsk,RU,2020-07-08 14:30:08,50.68,156.12,48.4,92,100,14.85
8,Kavieng,PG,2020-07-08 14:30:07,-2.57,150.8,82.15,79,98,13.33
9,Bousso,TD,2020-07-08 14:31:57,10.48,16.71,94.91,36,39,2.73
10,Atuona,PF,2020-07-08 14:30:09,-9.8,-139.03,79.39,75,6,12.55
11,Upernavik,GL,2020-07-08 14:30:24,72.79,-56.15,43.81,65,24,8.52
12,Ponta Do Sol,PT,2020-07-08 14:30:12,32.67,-17.1,75.0,69,0,1.21
13,Mocuba,MZ,2020-07-08 14:31:58,-16.84,36.99,70.95,76,63,4.07
14,Palmares Do Sul,BR,2020-07-08 14:31:58,-30.26,-50.51,61.75,87,100,18.07
15,Touros,BR,2020-07-08 14:25:51,-5.2,-35.46,82.4,65,40,12.75
16,Beringovskiy,RU,2020-07-08 14:30:47,63.05,179.32,50.95,75,1,10.8
17,Mataura,NZ,2020-07-08 14:30:10,-46.19,168.86,39.0,83,98,3.0
18,Punta Arenas,CL,2020-07-08 14:28:40,-53.15,-70.92,26.6,92,40,2.24
19,Tiksi,RU,2020-07-08 14:30:32,71.69,128.87,33.76,96,100,4.14
20,Hermanus,ZA,2020-07-08 14:30:14,-34.42,19.23,66.0,60,8,1.01
21,Nome,US,2020-07-08 14:31:58,64.5,-165.41,46.99,100,90,0.63
22,Tuktoyaktuk,CA,2020-07-08 14:30:20,69.45,-133.04,35.6,100,90,8.05
23,Tasiilaq,GL,2020-07-08 14:30:22,65.61,-37.64,44.6,70,40,14.99
24,Dikson,RU,2020-07-08 14:30:08,73.51,80.55,45.77,77,24,13.15
25,Maceio,BR,2020-07-08 14:31:01,-9.67,-35.74,78.8,78,75,8.05
26,Mar Del Plata,AR,2020-07-08 14:27:53,-38.0,-57.56,46.99,87,100,5.53
27,Flinders,AU,2020-07-08 14:31:59,-34.58,150.86,53.01,84,10,1.01
28,Moncton,CA,2020-07-08 14:31:55,46.12,-64.8,64.4,68,90,14.99
29,San Giustino,IT,2020-07-08 14:31:59,43.55,12.17,84.99,34,0,4.7
30,Buta,CD,2020-07-08 14:31:59,2.79,24.73,85.86,57,75,3.74
31,Atikokan,CA,2020-07-08 14:31:59,48.76,-91.62,78.6,46,100,11.61
32,East London,ZA,2020-07-08 14:30:13,-33.02,27.91,68.0,64,0,16.11
33,Batagay,RU,2020-07-08 14:31:59,67.63,134.63,44.94,94,100,2.8
34,Castro,BR,2020-07-08 14:25:50,-24.79,-50.01,65.35,65,95,14.16
35,Hobart,AU,2020-07-08 14:28:22,-42.88,147.33,39.2,86,0,1.12
36,Listvyagi,RU,2020-07-08 14:32:00,53.68,86.95,61.97,89,13,4.52
37,Saskylakh,RU,2020-07-08 14:30:09,71.92,114.08,58.53,62,30,13.47
38,Xinzhi,CN,2020-07-08 14:32:00,36.5,111.7,77.11,63,100,3.47
39,New Norfolk,AU,2020-07-08 14:30:09,-42.78,147.06,37.99,91,0,2.57
40,Camacha,PT,2020-07-08 14:31:12,33.08,-16.33,73.4,64,40,16.11
41,Lincoln,US,2020-07-08 14:29:37,40.8,-96.67,86.0,61,1,13.87
42,Boda,CF,2020-07-08 14:32:00,4.32,17.47,81.73,74,80,4.25
43,Desaguadero,PE,2020-07-08 14:32:01,-16.57,-69.04,43.03,42,0,1.16
44,Meulaboh,ID,2020-07-08 14:31:09,4.14,96.13,76.68,86,100,2.98
45,Chuy,UY,2020-07-08 14:30:27,-33.7,-53.46,50.49,91,100,7.14
46,Ilulissat,GL,2020-07-08 14:30:31,69.22,-51.1,46.4,70,75,4.7
47,Cortes,ES,2020-07-08 14:32:01,41.94,-1.44,91.4,27,74,8.05
48,Barrow,US,2020-07-08 14:30:26,71.29,-156.79,32.0,83,90,14.99
49,Laguna,US,2020-07-08 14:30:23,38.42,-121.42,68.0,72,1,1.48
50,Rikitea,PF,2020-07-08 14:30:06,-23.12,-134.97,66.99,63,32,19.64
51,Mulhouse,FR,2020-07-08 14:32:01,47.67,7.42,80.6,36,81,12.75
52,Palu,ID,2020-07-08 14:32:01,-0.89,119.87,75.94,82,54,2.33
53,Te Anau,NZ,2020-07-08 14:31:11,-45.42,167.72,37.78,90,93,0.43
54,Hovd,MN,2020-07-08 14:30:30,48.01,91.64,58.03,67,100,9.17
55,Booue,GA,2020-07-08 14:32:02,-0.09,11.94,88.72,46,3,2.55
56,Goderich,CA,2020-07-08 14:30:13,43.75,-81.72,82.0,63,100,4.54
57,Vaini,TO,2020-07-08 14:30:00,-21.2,-175.2,69.8,94,75,8.05
58,Mabaruma,GY,2020-07-08 14:30:42,8.2,-59.78,82.02,84,11,6.11
59,Rio Grande,BR,2020-07-08 14:31:07,-32.03,-52.1,53.6,100,90,13.87
60,Tuatapere,NZ,2020-07-08 14:30:38,-46.13,167.68,39.0,83,100,3.0
61,Necochea,AR,2020-07-08 14:30:22,-38.55,-58.74,42.01,90,55,5.99
62,Sao Joao Da Barra,BR,2020-07-08 14:31:02,-21.64,-41.05,78.8,61,0,11.41
63,Mount Isa,AU,2020-07-08 14:32:03,-20.73,139.5,55.4,58,0,11.03
64,Khatanga,RU,2020-07-08 14:30:40,71.97,102.5,58.51,49,38,12.03
65,Lagoa,PT,2020-07-08 14:30:25,39.05,-27.98,69.1,82,41,6.2
66,Zhuhai,CN,2020-07-08 14:32:03,22.28,113.57,88.0,89,40,13.87
67,Kapaa,US,2020-07-08 14:30:12,22.08,-159.32,77.0,83,20,16.11
68,Inhambane,MZ,2020-07-08 14:30:49,-23.86,35.38,77.0,64,40,6.93
69,Luena,AO,2020-07-08 14:30:07,-11.78,19.92,80.6,61,0,3.0
70,Vestmannaeyjar,IS,2020-07-08 14:30:28,63.44,-20.27,51.8,71,75,16.11
71,Ushuaia,AR,2020-07-08 14:30:08,-54.8,-68.3,42.8,85,75,6.93
72,Quesnel,CA,2020-07-08 14:32:03,53.0,-122.5,51.8,87,90,0.94
73,Potosi,BO,2020-07-08 14:32:03,-19.58,-65.75,46.58,26,0,27.0
74,Port Alfred,ZA,2020-07-08 14:30:08,-33.59,26.89,66.0,82,0,5.99
75,Faanui,PF,2020-07-08 14:30:00,-16.48,-151.75,77.25,81,66,27.36
76,Hit,IQ,2020-07-08 14:32:04,33.64,42.83,113.22,8,13,14.12
77,Mahebourg,MU,2020-07-08 14:30:29,-20.41,57.7,71.6,78,75,13.87
78,Mahasamund,IN,2020-07-08 14:32:04,21.1,82.1,86.0,74,75,5.82
79,Neftegorsk,RU,2020-07-08 14:32:04,52.8,51.17,84.61,58,0,8.14
80,Klaksvik,FO,2020-07-08 14:30:42,62.23,-6.59,51.8,81,52,10.29
81,Stalpu,RO,2020-07-08 14:32:04,45.08,26.72,77.0,38,40,4.7
82,Bethel,US,2020-07-08 14:30:06,41.37,-73.41,75.99,88,90,5.82
83,Hereford,GB,2020-07-08 14:32:05,52.06,-2.71,66.0,84,99,2.82
84,Aguadas,CO,2020-07-08 14:32:05,5.61,-75.46,62.6,88,40,5.82
85,Rocha,UY,2020-07-08 14:32:05,-34.48,-54.33,48.58,90,100,10.94
86,Butaritari,KI,2020-07-08 14:30:12,3.07,172.79,82.8,75,35,16.31
87,Zyryanka,RU,2020-07-08 14:32:05,65.75,150.85,54.86,90,100,9.69
88,Isangel,VU,2020-07-08 14:31:06,-19.55,169.27,69.73,82,37,13.73
89,Albany,US,2020-07-08 14:30:10,42.6,-73.97,80.01,80,88,1.01
90,Tautira,PF,2020-07-08 14:30:45,-17.73,-149.15,75.2,78,40,2.24
91,Auki,SB,2020-07-08 14:30:22,-8.77,160.7,78.64,81,32,4.59
92,Ohringen,DE,2020-07-08 14:32:05,49.2,9.5,75.0,52,95,3.36
93,Henties Bay,NA,2020-07-08 14:32:06,-22.12,14.28,71.33,32,0,9.33
94,Boa Vista,BR,2020-07-08 14:32:06,2.82,-60.67,82.4,74,40,4.7
95,Bredasdorp,ZA,2020-07-08 14:30:22,-34.53,20.04,71.6,37,0,3.36
96,Chimala,TZ,2020-07-08 14:32:06,-8.85,34.02,77.49,36,1,10.8
97,Lorengau,PG,2020-07-08 14:30:27,-2.02,147.27,81.63,82,70,10.69
98,Batsfjord,NO,2020-07-08 14:31:09,70.63,29.72,50.0,93,75,5.82
99,Samarai,PG,2020-07-08 14:31:05,-10.62,150.67,78.3,87,82,18.14
100,Gubkinskiy,RU,2020-07-08 14:32:06,64.43,76.5,65.91,56,24,14.74
101,Talnakh,RU,2020-07-08 14:30:34,69.49,88.4,57.2,54,0,31.32
102,Saldanha,ZA,2020-07-08 14:30:41,-33.01,17.94,73.4,23,10,2.24
103,Kodiak,US,2020-07-08 14:30:08,57.79,-152.41,57.2,67,1,5.82
104,Riyadh,SA,2020-07-08 14:32:07,24.69,46.72,111.2,9,49,9.17
105,Qaanaaq,GL,2020-07-08 14:26:57,77.48,-69.36,46.67,54,0,7.96
106,Puerto Ayora,EC,2020-07-08 14:30:24,-0.74,-90.35,68.0,96,90,10.85
107,Kahului,US,2020-07-08 14:30:57,20.89,-156.47,75.0,82,6,5.99
108,Pavlohrad,UA,2020-07-08 14:32:07,48.52,35.87,68.0,68,75,15.66
109,Avarua,CK,2020-07-08 14:30:06,-21.21,-159.78,71.6,68,99,11.41
110,Pangnirtung,CA,2020-07-08 14:32:07,66.15,-65.71,44.6,87,75,10.29
111,Mahajanga,MG,2020-07-08 14:32:07,-15.72,46.32,91.4,38,20,9.17
112,Bengkulu,ID,2020-07-08 14:30:26,-3.8,102.27,76.44,88,100,5.28
113,Strezhevoy,RU,2020-07-08 14:32:08,60.73,77.59,82.4,54,20,6.71
114,Saint-Philippe,RE,2020-07-08 14:30:08,-21.36,55.77,71.6,73,90,19.46
115,Nikolskoye,RU,2020-07-08 14:30:06,59.7,30.79,66.2,52,75,6.71
116,Saint George,US,2020-07-08 14:27:10,37.1,-113.58,80.01,16,1,4.7
117,Dunedin,NZ,2020-07-08 14:29:58,-45.87,170.5,41.0,89,91,7.0
118,Tazovskiy,RU,2020-07-08 14:32:04,67.47,78.7,55.74,67,18,17.9
119,Las Lomas,PA,2020-07-08 14:32:08,8.43,-82.4,82.4,78,40,4.7
120,Morros,BR,2020-07-08 14:32:08,-9.45,-46.3,87.37,30,0,7.99
121,Anito,PH,2020-07-08 14:32:08,12.45,125.29,80.58,80,46,2.66
122,Tooele,US,2020-07-08 14:32:08,40.53,-112.3,70.0,52,1,3.69
123,Vardo,NO,2020-07-08 14:32:09,70.37,31.11,50.0,87,87,17.22
124,Cape Town,ZA,2020-07-08 14:30:10,-33.93,18.42,73.4,20,38,4.7
125,Alofi,NU,2020-07-08 14:28:19,-19.06,-169.92,64.4,100,0,1.12
126,Suzhou,CN,2020-07-08 14:32:09,31.31,120.62,78.01,94,48,4.88
127,Two Rivers,US,2020-07-08 14:32:09,44.15,-87.57,75.99,83,1,5.82
128,Boden,SE,2020-07-08 14:32:09,65.83,21.69,60.8,72,50,8.05
129,Cabo San Lucas,MX,2020-07-08 14:28:09,22.89,-109.91,84.0,48,20,7.67
130,Kamakwie,SL,2020-07-08 14:32:09,9.5,-12.23,85.59,69,99,4.21
131,Leh,IN,2020-07-08 14:32:09,34.17,77.58,66.18,31,84,6.53
132,Hithadhoo,MV,2020-07-08 14:30:03,-0.6,73.08,85.5,69,67,4.92
133,La Ronge,CA,2020-07-08 14:32:10,55.1,-105.28,62.6,59,90,14.99
134,Petatlan,MX,2020-07-08 14:32:10,17.52,-101.27,75.2,100,90,2.24
135,Sorland,NO,2020-07-08 14:32:10,67.67,12.69,53.6,71,40,10.29
136,Bouna,CI,2020-07-08 14:32:10,9.27,-3.0,84.36,61,91,7.99
137,Lebu,CL,2020-07-08 14:30:19,-37.62,-73.65,49.44,75,60,6.62
138,Santa Cruz,BO,2020-07-08 14:29:07,-17.8,-63.17,51.8,76,90,17.22
139,Portland,US,2020-07-08 14:29:18,45.52,-122.68,61.0,77,90,3.36
140,Hofn,IS,2020-07-08 14:30:19,64.25,-15.21,52.36,71,0,8.43
141,Masakin,TN,2020-07-08 14:32:10,35.73,10.58,84.2,51,0,13.87
142,Mozarlandia,BR,2020-07-08 14:32:10,-14.74,-50.57,87.73,29,1,6.22
143,Narsaq,GL,2020-07-08 14:30:25,60.92,-46.05,50.0,71,75,6.93
144,Pascagoula,US,2020-07-08 14:32:11,30.37,-88.56,84.99,83,75,4.7
145,Severnyy,RU,2020-07-08 14:32:11,50.68,36.55,68.0,82,75,11.18
146,Kieta,PG,2020-07-08 14:32:11,-6.22,155.63,78.8,77,100,4.68
147,Namibe,AO,2020-07-08 14:30:31,-15.2,12.15,78.8,65,40,12.75
148,Souillac,MU,2020-07-08 14:30:47,-20.52,57.52,71.6,78,75,13.87
149,Kloulklubed,PW,2020-07-08 14:30:27,7.04,134.26,77.0,94,75,4.7
150,Pechenga,RU,2020-07-08 14:32:11,69.53,31.17,53.6,87,40,13.87
151,Iqaluit,CA,2020-07-08 14:30:39,63.75,-68.51,44.6,87,75,4.7
152,Sitka,US,2020-07-08 14:30:42,57.05,-135.33,55.4,82,90,1.36
153,Ginir,ET,2020-07-08 14:32:12,7.13,40.7,66.36,78,72,7.81
154,Keetmanshoop,NA,2020-07-08 14:32:12,-26.58,18.13,77.0,12,0,18.34
155,Yamada,JP,2020-07-08 14:32:12,39.47,141.95,67.21,87,100,5.26
156,Umuarama,BR,2020-07-08 14:32:12,-23.77,-53.33,58.46,93,100,8.79
157,Kiama,AU,2020-07-08 14:32:12,-34.68,150.87,53.01,79,19,1.01
158,Port Elizabeth,ZA,2020-07-08 14:30:12,-33.92,25.57,66.2,48,20,9.17
159,Ribeira Grande,PT,2020-07-08 14:30:02,38.52,-28.7,71.6,78,75,13.87
160,Vuktyl,RU,2020-07-08 14:32:12,63.86,57.31,83.34,55,65,4.41
161,Nouadhibou,MR,2020-07-08 14:32:12,20.93,-17.03,71.6,88,75,26.4
162,Yerbogachen,RU,2020-07-08 14:26:57,61.28,108.01,56.23,91,59,3.0
163,Arraial Do Cabo,BR,2020-07-08 14:30:20,-22.97,-42.03,82.4,54,97,12.75
164,Sechura,PE,2020-07-08 14:32:13,-5.56,-80.82,67.32,71,92,12.06
165,Yulara,AU,2020-07-08 14:30:51,-25.24,130.99,51.8,37,67,4.7
166,Walvis Bay,NA,2020-07-08 14:32:13,-22.96,14.51,73.4,40,0,6.93
167,Edgewater,US,2020-07-08 14:32:13,28.99,-80.9,80.6,94,75,5.82
168,Clyde River,CA,2020-07-08 14:31:06,70.47,-68.59,37.4,100,90,11.41
169,Blagoyevo,RU,2020-07-08 14:32:13,63.37,47.92,80.58,58,24,11.32
170,Juneau,US,2020-07-08 14:26:10,58.3,-134.42,55.0,93,90,3.36
171,San Rafael,AR,2020-07-08 14:31:57,-34.62,-68.33,44.87,59,69,18.23
172,Dwarka,IN,2020-07-08 14:32:13,22.24,68.97,83.59,83,71,18.21
173,Ilhabela,BR,2020-07-08 14:32:14,-23.78,-45.36,81.88,47,4,6.29
174,Buchanan,LR,2020-07-08 14:32:14,5.88,-10.05,79.18,84,94,13.2
175,Jalu,LY,2020-07-08 14:29:47,29.03,21.55,95.49,25,0,12.64
176,Ust-Nera,RU,2020-07-08 14:32:14,64.57,143.2,51.93,59,11,3.44
177,Kabanjahe,ID,2020-07-08 14:32:14,3.1,98.49,78.8,88,40,5.82
178,Fortuna,US,2020-07-08 14:30:13,40.6,-124.16,55.99,93,90,3.36
179,Tateyama,JP,2020-07-08 14:31:02,34.98,139.87,75.99,95,100,4.0
180,Labuhan,ID,2020-07-08 14:32:14,-6.88,112.21,77.23,82,4,6.69
181,Nan,TH,2020-07-08 14:32:14,18.83,100.67,75.47,94,100,1.86
182,Khor,RU,2020-07-08 14:32:15,47.89,134.95,56.52,96,100,2.04
183,Plouzane,FR,2020-07-08 14:32:15,48.38,-4.62,69.8,77,90,9.17
184,Imbituba,BR,2020-07-08 14:32:15,-28.24,-48.67,64.4,100,75,9.17
185,Barra Patuca,HN,2020-07-08 14:32:15,15.8,-84.28,83.03,81,79,8.93
186,Taoudenni,ML,2020-07-08 14:30:14,22.68,-3.98,115.32,5,0,19.06
187,Coihaique,CL,2020-07-08 14:27:47,-45.58,-72.07,37.4,86,40,5.82
188,Pisco,PE,2020-07-08 14:30:40,-13.7,-76.22,63.0,77,90,8.05
189,Lompoc,US,2020-07-08 14:30:14,34.64,-120.46,53.6,93,0,5.82
190,Ballina,AU,2020-07-08 14:30:59,-28.87,153.57,57.2,93,90,5.82
191,Ahipara,NZ,2020-07-08 14:32:15,-35.17,173.17,53.35,69,17,18.61
192,Longyearbyen,SJ,2020-07-08 14:30:09,78.22,15.64,48.2,70,75,5.82
193,Isabela,PH,2020-07-08 14:32:16,6.71,121.97,78.71,82,100,3.94
194,Petropavlovsk-Kamchatskiy,RU,2020-07-08 14:30:44,53.05,158.65,51.8,100,75,6.71
195,Codrington,AU,2020-07-08 14:31:03,-38.27,141.97,43.45,90,3,6.4
196,Winnemucca,US,2020-07-08 14:32:16,40.97,-117.74,60.8,36,1,5.82
197,Sungaipenuh,ID,2020-07-08 14:32:16,-2.08,101.38,65.39,96,100,0.98
198,Ondangwa,NA,2020-07-08 14:32:16,-17.92,15.95,79.38,15,0,7.85
199,Saint-Joseph,RE,2020-07-08 14:32:16,-21.37,55.62,71.6,73,90,19.46
200,Sioux Lookout,CA,2020-07-08 14:30:21,50.1,-91.92,71.6,68,75,5.82
201,Buala,SB,2020-07-08 14:32:16,-8.14,159.59,80.64,77,81,5.35
202,Nehe,CN,2020-07-08 14:32:17,48.48,124.83,62.85,69,0,2.8
203,Georgetown,MY,2020-07-08 14:27:24,5.41,100.34,80.6,94,40,4.7
204,Svetlogorsk,BY,2020-07-08 14:32:17,52.63,29.73,66.7,59,28,10.94
205,Montemor-O-Novo,PT,2020-07-08 14:32:17,38.65,-8.21,88.0,37,0,12.75
206,Katsuura,JP,2020-07-08 14:30:32,35.13,140.3,78.01,95,99,4.0
207,Ancud,CL,2020-07-08 14:30:32,-41.87,-73.82,43.0,93,40,4.7
208,Kisesa,TZ,2020-07-08 14:32:17,-3.08,34.15,82.24,31,51,10.47
209,Wajima,JP,2020-07-08 14:32:17,37.4,136.9,70.86,90,68,3.22
210,Chokurdakh,RU,2020-07-08 14:30:03,70.63,147.92,43.81,81,88,9.15
211,Ames,US,2020-07-08 14:28:38,42.03,-93.62,84.2,74,1,9.17
212,Ahuimanu,US,2020-07-08 14:32:18,21.44,-157.84,77.0,65,20,10.29
213,Arlit,NE,2020-07-08 14:32:18,18.74,7.39,103.46,17,50,8.88
214,Viedma,AR,2020-07-08 14:30:33,-40.81,-63.0,41.63,87,100,14.85
215,Gull Lake,CA,2020-07-08 14:32:18,50.1,-108.48,55.4,82,90,25.28
216,Sao Jose Da Coroa Grande,BR,2020-07-08 14:30:39,-8.9,-35.15,80.26,71,31,3.36
217,Batamshinskiy,KZ,2020-07-08 14:32:18,50.56,58.27,87.8,29,75,20.13
218,Bambanglipuro,ID,2020-07-08 14:30:37,-7.95,110.28,76.1,86,8,7.25
219,Bubaque,GW,2020-07-08 14:32:19,11.28,-15.83,83.98,77,100,12.97
220,Linhares,BR,2020-07-08 14:32:19,-19.39,-40.07,81.64,42,0,4.74
221,Estevan,CA,2020-07-08 14:30:23,49.13,-102.98,64.0,77,1,18.34
222,Englehart,CA,2020-07-08 14:32:19,47.82,-79.87,75.2,73,1,6.93
223,Asuncion,PY,2020-07-08 14:32:19,-25.3,-57.64,53.6,87,90,9.17
224,Simoes,BR,2020-07-08 14:32:19,-7.6,-40.82,86.36,36,0,10.33
225,Hilo,US,2020-07-08 14:30:09,19.73,-155.09,73.4,78,90,3.36
226,Caravelas,BR,2020-07-08 14:30:53,-17.71,-39.25,79.84,50,0,5.59
227,Vanimo,PG,2020-07-08 14:32:19,-2.67,141.3,79.29,85,100,7.67
228,Worland,US,2020-07-08 14:32:19,44.02,-107.96,68.0,58,1,3.36
229,Luang Prabang,LA,2020-07-08 14:32:20,19.89,102.13,86.0,66,20,2.24
230,Pervoye Maya,RU,2020-07-08 14:32:20,56.16,44.72,95.0,39,29,8.95
231,Leningradskiy,RU,2020-07-08 14:29:05,69.38,178.42,39.63,92,12,6.2
232,Aklavik,CA,2020-07-08 14:26:02,68.22,-135.01,42.8,93,90,5.82
233,Yar-Sale,RU,2020-07-08 14:30:36,66.83,70.83,69.51,49,8,12.97
234,La Rioja,ES,2020-07-08 14:32:20,42.25,-2.5,84.2,30,33,9.17
235,Imeni Poliny Osipenko,RU,2020-07-08 14:32:20,52.42,136.49,50.95,90,98,13.0
236,Constitucion,CL,2020-07-08 14:30:35,-35.33,-72.42,51.06,69,14,3.6
237,Sabang,ID,2020-07-08 14:30:36,5.89,95.32,83.48,67,55,11.34
238,Salinopolis,BR,2020-07-08 14:30:45,-0.61,-47.36,85.3,61,4,5.39
239,Yellowknife,CA,2020-07-08 14:30:04,62.46,-114.35,57.99,67,20,3.36
240,Malakal,SS,2020-07-08 14:32:21,9.53,31.66,83.26,66,70,3.6
241,Paita,PE,2020-07-08 14:32:21,-5.09,-81.11,66.2,77,37,24.16
242,Raudeberg,NO,2020-07-08 14:32:21,61.99,5.14,51.01,88,82,11.03
243,Carnarvon,AU,2020-07-08 14:29:57,-24.87,113.63,62.6,82,0,11.41
244,Shelburne,CA,2020-07-08 14:32:21,44.08,-80.2,84.99,61,1,4.7
245,Ciudad Bolivar,VE,2020-07-08 14:30:41,8.12,-63.55,87.31,59,2,10.47
246,Komsomolskiy,UZ,2020-07-08 14:30:33,40.43,71.72,89.6,18,100,9.93
247,Matara,LK,2020-07-08 14:32:21,5.95,80.54,80.6,84,100,9.17
248,Provideniya,RU,2020-07-08 14:30:26,64.38,-173.3,46.72,91,100,3.4
249,Tual,ID,2020-07-08 14:32:21,-5.67,132.75,79.23,82,99,23.04
250,Kaeo,NZ,2020-07-08 14:30:15,-35.1,173.78,48.0,3,0,5.01
251,Pacifica,US,2020-07-08 14:30:35,37.61,-122.49,57.0,82,20,6.93
252,Loubomo,CG,2020-07-08 14:32:22,-4.2,12.67,86.68,43,4,4.99
253,Moerai,PF,2020-07-08 14:32:22,-22.43,-151.33,68.16,70,98,24.43
254,Saint-Pierre,RE,2020-07-08 14:32:22,-21.34,55.48,71.6,73,90,19.46
255,Baruun-Urt,MN,2020-07-08 14:32:22,46.68,113.28,68.99,54,31,3.29
256,San Quintin,MX,2020-07-08 14:32:22,30.48,-115.95,67.03,80,92,5.37
257,Hamilton,US,2020-07-08 14:28:25,39.18,-84.53,87.01,74,1,1.74
258,Coquimbo,CL,2020-07-08 14:27:43,-29.95,-71.34,55.4,71,1,4.7
259,Okha,RU,2020-07-08 14:32:22,53.57,142.95,51.04,96,100,6.42
260,Torbay,CA,2020-07-08 14:30:28,47.67,-52.73,60.8,67,40,8.05
261,Mattru,SL,2020-07-08 14:32:23,7.62,-11.83,81.01,86,70,7.05
262,Vila Franca Do Campo,PT,2020-07-08 14:30:44,37.72,-25.43,71.6,68,75,10.29
263,Grants Pass,US,2020-07-08 14:32:23,42.44,-123.33,55.99,76,1,1.43
264,Sao Filipe,CV,2020-07-08 14:30:26,14.9,-24.5,79.38,80,75,7.94
265,Tocopilla,CL,2020-07-08 14:30:59,-22.09,-70.2,67.66,43,0,7.29
266,Hasaki,JP,2020-07-08 14:30:28,35.73,140.83,77.0,88,75,12.75
267,Socorro,US,2020-07-08 14:32:23,31.65,-106.3,84.2,34,5,9.17
268,Chaplynka,UA,2020-07-08 14:32:23,46.37,33.54,70.47,56,24,18.72
269,Sept-Iles,CA,2020-07-08 14:27:37,50.2,-66.38,63.0,100,90,3.36
270,Lasa,IT,2020-07-08 14:30:21,46.62,10.7,66.2,63,40,10.29
271,Airai,TL,2020-07-08 14:30:46,-8.93,125.41,56.82,100,97,3.96
272,Shahrud,IR,2020-07-08 14:32:24,36.42,54.98,85.24,20,41,12.68
273,Suzano,BR,2020-07-08 14:31:11,-23.54,-46.31,75.2,41,0,13.87
274,Naze,JP,2020-07-08 14:31:01,28.37,129.48,82.4,94,75,9.17
275,Bratsk,RU,2020-07-08 14:27:27,56.13,101.61,66.2,59,54,6.71
276,Turinskaya Sloboda,RU,2020-07-08 14:32:24,57.62,64.39,78.44,71,0,4.34
277,Zhigansk,RU,2020-07-08 14:31:05,66.77,123.37,56.98,56,0,10.16
278,Rabo De Peixe,PT,2020-07-08 14:32:24,37.8,-25.58,71.6,68,75,10.29
279,Bathsheba,BB,2020-07-08 14:30:12,13.22,-59.52,86.0,66,40,23.04
280,Binzhou,CN,2020-07-08 14:32:25,37.37,118.02,81.0,51,100,1.01
281,San Cristobal,VE,2020-07-08 14:27:43,7.77,-72.22,86.0,48,20,20.8
282,Santa Maria,BR,2020-07-08 14:28:34,-29.68,-53.81,49.95,92,100,9.04
283,Ojinaga,MX,2020-07-08 14:32:25,29.57,-104.42,86.0,42,1,8.05
284,Cockburn Town,TC,2020-07-08 14:27:36,21.46,-71.14,86.0,74,40,12.75
285,Bud,US,2020-07-08 14:30:50,39.45,-86.18,86.0,76,0,3.31
286,Ayan,RU,2020-07-08 14:32:04,56.45,138.17,47.79,93,9,6.11
287,Teguise,ES,2020-07-08 14:30:58,29.06,-13.56,84.2,58,0,23.04
288,Vrbove,SK,2020-07-08 14:32:25,48.62,17.72,75.2,36,84,8.05
289,Lagunas,PE,2020-07-08 14:32:26,-5.23,-75.68,76.23,89,81,4.74
290,Krasnoselkup,RU,2020-07-08 14:32:26,65.7,82.47,60.91,70,11,17.05
291,Balotra,IN,2020-07-08 14:32:26,25.83,72.23,96.67,46,68,18.45
292,Nizwa,OM,2020-07-08 14:31:58,22.93,57.53,95.72,30,74,15.97
293,Liverpool,GB,2020-07-08 14:30:01,53.41,-2.98,64.0,82,90,9.17
294,Bijie,CN,2020-07-08 14:32:26,27.31,105.29,68.07,92,100,4.29
295,George Town,MY,2020-07-08 14:29:22,5.41,100.34,80.6,94,40,4.7
296,Atar,MR,2020-07-08 14:32:26,20.52,-13.05,118.36,5,0,14.65
297,Aktau,KZ,2020-07-08 14:30:18,43.65,51.2,92.8,25,0,9.26
298,Hambantota,LK,2020-07-08 14:30:42,6.12,81.12,77.0,100,90,2.24
299,Sobolevo,RU,2020-07-08 14:32:27,54.43,31.9,61.29,76,100,3.71
300,Galle,LK,2020-07-08 14:32:27,6.04,80.22,81.46,86,100,9.53
301,Agadez,NE,2020-07-08 14:32:27,19.75,10.25,105.49,9,0,8.32
302,College,US,2020-07-08 14:30:58,64.86,-147.8,55.4,76,75,6.93
303,Misratah,LY,2020-07-08 14:31:07,32.38,15.09,79.12,67,0,13.56
304,Santa Fe,AR,2020-07-08 14:30:40,-31.63,-60.7,55.0,56,3,4.0
305,Amalapuram,IN,2020-07-08 14:30:23,16.58,82.02,86.0,74,75,2.24
306,Payson,US,2020-07-08 14:31:16,40.04,-111.73,66.99,42,40,3.76
307,Vilhena,BR,2020-07-08 14:32:27,-12.74,-60.15,82.4,51,0,5.82
308,Mosbach,DE,2020-07-08 14:32:27,49.35,9.14,75.0,46,100,1.01
309,Novobirilyussy,RU,2020-07-08 14:32:28,56.95,90.67,62.01,88,96,6.33
310,Bay Roberts,CA,2020-07-08 14:32:28,47.6,-53.26,62.01,69,3,3.27
311,Fukue,JP,2020-07-08 14:28:27,32.69,128.84,75.56,86,100,2.66
312,Kajaani,FI,2020-07-08 14:30:04,64.23,27.73,62.6,63,75,2.24
313,Guarapari,BR,2020-07-08 14:32:28,-20.67,-40.5,78.01,63,0,13.38
314,Pundaguitan,PH,2020-07-08 14:32:28,6.37,126.17,83.84,70,96,5.88
315,Victoria,HK,2020-07-08 14:29:38,22.29,114.16,86.0,74,100,13.0
316,Lavrentiya,RU,2020-07-08 14:30:29,65.58,-171.0,43.21,94,81,1.74
317,Grindavik,IS,2020-07-08 14:29:04,63.84,-22.43,48.2,76,75,14.99
318,Alice Springs,AU,2020-07-08 14:27:54,-23.7,133.88,39.2,51,99,6.33
319,Avera,US,2020-07-08 14:32:29,33.19,-82.53,78.01,69,90,5.82
320,Yakeshi,CN,2020-07-08 14:32:29,49.28,120.73,62.92,66,0,5.21
321,Praia,CV,2020-07-08 14:32:29,14.92,-23.51,86.0,66,40,6.93
322,Rawson,AR,2020-07-08 14:32:29,-43.3,-65.1,47.52,53,37,20.54
323,Litovko,RU,2020-07-08 14:32:29,49.24,135.17,55.02,96,100,4.03
324,San Patricio,MX,2020-07-08 14:30:45,19.22,-104.7,78.8,83,90,11.41
325,Tianpeng,CN,2020-07-08 14:32:30,30.99,103.94,87.01,1,100,1.88
326,Leopoldina,BR,2020-07-08 14:27:57,-21.53,-42.64,77.86,53,0,6.62
327,Cherskiy,RU,2020-07-08 14:30:35,68.75,161.3,54.43,74,0,3.67
328,Vila Velha,BR,2020-07-08 14:30:34,-20.33,-40.29,78.8,61,20,12.75
329,Lithakia,GR,2020-07-08 14:32:30,37.72,20.83,89.6,43,20,4.7
330,Bandar-E Lengeh,IR,2020-07-08 14:32:30,26.56,54.88,100.4,42,14,4.59
331,Qasigiannguit,GL,2020-07-08 14:32:30,68.82,-51.19,46.4,70,75,4.7
332,Tabou,CI,2020-07-08 14:32:30,4.42,-7.35,78.4,82,84,13.98
333,Esperance,AU,2020-07-08 14:30:07,-33.87,121.9,51.8,100,90,10.29
334,Matay,EG,2020-07-08 14:31:09,28.42,30.78,100.11,17,0,12.62
335,Challapata,BO,2020-07-08 14:30:16,-18.9,-66.77,41.9,40,0,6.96
336,Guerrero Negro,MX,2020-07-08 14:30:43,27.98,-114.06,71.33,70,1,8.77
337,Lalin,ES,2020-07-08 14:32:31,42.72,-8.12,82.0,57,0,11.41
338,Pozo Colorado,PY,2020-07-08 14:32:31,-23.49,-58.8,53.46,84,100,7.16
339,Buzuluk,RU,2020-07-08 14:32:31,52.78,52.26,84.65,58,0,5.61
340,Toora-Khem,RU,2020-07-08 14:32:31,52.47,96.11,55.71,87,34,5.82
341,Lulea,SE,2020-07-08 14:32:31,65.58,22.15,60.8,72,19,8.05
342,Mayo,US,2020-07-08 14:31:06,38.89,-76.51,84.99,83,20,11.41
343,Nanakuli,US,2020-07-08 14:30:20,21.39,-158.15,77.0,83,20,3.36
344,Patacamaya,BO,2020-07-08 14:32:32,-17.23,-67.92,46.4,29,0,5.28
345,Cidreira,BR,2020-07-08 14:28:15,-30.18,-50.21,63.05,90,100,10.6
346,Marathon,US,2020-07-08 14:32:32,44.9,-89.77,77.0,78,20,4.7
347,Korla,CN,2020-07-08 14:30:49,41.76,86.15,89.01,65,35,6.11
348,Methoni,GR,2020-07-08 14:32:32,36.82,21.7,87.8,48,20,12.75
349,Inirida,CO,2020-07-08 14:32:32,3.87,-67.92,86.88,62,18,2.77
350,Gorodovikovsk,RU,2020-07-08 14:32:32,46.09,41.93,82.09,53,100,19.91
351,Belawan,ID,2020-07-08 14:32:33,3.78,98.68,78.8,88,40,5.82
352,Edmonton,CA,2020-07-08 14:30:23,53.55,-113.47,57.2,100,90,10.29
353,Ilebo,CD,2020-07-08 14:32:33,-4.32,20.58,94.98,28,50,2.01
354,Pacific Grove,US,2020-07-08 14:32:33,36.62,-121.92,54.0,95,23,4.36
355,Adrar,MR,2020-07-08 14:30:22,20.5,-10.07,114.42,5,1,25.7
356,Leo,BF,2020-07-08 14:32:33,11.1,-2.1,92.25,45,8,7.56
357,Wagga Wagga,AU,2020-07-08 14:32:33,-35.12,147.37,44.01,100,0,5.82
358,Pangkalanbuun,ID,2020-07-08 14:32:33,-2.68,111.62,75.99,93,100,1.97
359,Karangasem,ID,2020-07-08 14:32:33,-8.45,115.62,78.8,100,40,11.41
360,San Fernando,PH,2020-07-08 14:32:33,15.03,120.69,78.8,83,75,2.24
361,Pevek,RU,2020-07-08 14:30:25,69.7,170.31,42.57,77,100,1.07
362,Cohoes,US,2020-07-08 14:30:34,42.77,-73.7,82.0,69,40,8.05
363,Havre-Saint-Pierre,CA,2020-07-08 14:25:32,50.23,-63.6,62.6,88,90,6.93
364,Messina,IT,2020-07-08 14:31:05,38.19,15.55,82.99,74,20,9.17
365,Miraflores,MX,2020-07-08 14:31:03,19.22,-98.81,62.6,63,75,5.03
366,Zary,PL,2020-07-08 14:32:34,51.64,15.14,61.0,76,97,1.99
367,Kulhudhuffushi,MV,2020-07-08 14:32:34,6.62,73.07,83.43,72,100,6.38
368,Bilibino,RU,2020-07-08 14:30:17,68.05,166.44,50.4,76,28,1.74
369,Kudahuvadhoo,MV,2020-07-08 14:32:34,2.67,72.89,84.85,64,2,1.43
370,Chapleau,CA,2020-07-08 14:32:34,47.84,-83.4,73.4,60,40,4.7
371,Iquique,CL,2020-07-08 14:32:35,-20.22,-70.14,62.6,67,75,4.7
372,Keskin,TR,2020-07-08 14:32:35,39.67,33.61,82.0,32,68,8.01
373,Turayf,SA,2020-07-08 14:32:35,31.67,38.66,96.8,26,60,9.17
374,Kaitangata,NZ,2020-07-08 14:30:51,-46.28,169.85,44.01,74,100,8.01
375,Dumas,US,2020-07-08 14:32:35,35.87,-101.97,81.0,69,1,13.87
376,Scarborough,GB,2020-07-08 14:27:55,54.28,-0.4,62.01,76,97,3.0
377,Kushnarenkovo,RU,2020-07-08 14:32:35,55.1,55.35,89.6,38,0,6.71
378,Mount Gambier,AU,2020-07-08 14:30:11,-37.83,140.77,48.2,81,90,14.99
379,Lashio,MM,2020-07-08 14:32:36,22.93,97.75,69.87,97,100,0.45
380,Voh,NC,2020-07-08 14:32:36,-20.97,164.7,63.61,80,29,6.11
381,Fort Nelson,CA,2020-07-08 14:32:36,58.81,-122.7,55.4,93,90,3.24
382,Mareeba,AU,2020-07-08 14:30:48,-17.0,145.43,69.8,83,40,11.41
383,Paamiut,GL,2020-07-08 14:31:08,61.99,-49.67,41.45,91,100,20.38
384,Ostrovnoy,RU,2020-07-08 14:30:16,68.05,39.51,60.98,67,100,15.64
385,Tura,IN,2020-07-08 14:30:12,25.52,90.22,77.49,95,100,5.37
386,Ocos,GT,2020-07-08 14:32:36,14.51,-92.19,82.4,74,20,5.53
387,Foam Lake,CA,2020-07-08 14:32:36,51.65,-103.53,63.93,84,6,15.32
388,Saint-Junien,FR,2020-07-08 14:32:36,45.88,0.9,84.0,39,0,6.93
389,Kodinsk,RU,2020-07-08 14:32:37,58.69,99.18,66.34,58,58,5.3
390,Szabadbattyan,HU,2020-07-08 14:32:37,47.12,18.37,81.0,30,7,4.0
391,Xaxim,BR,2020-07-08 14:32:37,-26.96,-52.53,59.0,74,100,7.02
392,Galesong,ID,2020-07-08 14:32:37,-5.32,119.37,77.0,100,20,1.12
393,Rudbar,AF,2020-07-08 14:32:37,30.15,62.6,97.7,11,0,7.54
394,Norman Wells,CA,2020-07-08 14:29:44,65.28,-126.83,55.4,82,75,6.93
395,Geraldton,AU,2020-07-08 14:30:40,-28.77,114.6,51.8,87,40,5.82
396,Porto Novo,BJ,2020-07-08 14:32:37,6.5,2.6,80.6,83,75,12.75
397,Shaunavon,CA,2020-07-08 14:32:37,49.65,-108.42,59.9,64,0,21.88
398,Bartica,GY,2020-07-08 14:32:37,6.4,-58.62,77.0,83,75,6.93
399,Raska,RS,2020-07-08 14:32:38,43.29,20.62,77.0,41,75,2.24
400,Zeya,RU,2020-07-08 14:32:38,53.75,127.27,60.71,59,25,4.43
401,Brigantine,US,2020-07-08 14:31:08,39.41,-74.36,82.99,69,75,8.05
402,Kitimat,CA,2020-07-08 14:28:29,54.05,-128.65,53.6,93,75,4.7
403,Keita,NE,2020-07-08 14:32:38,14.76,5.77,96.8,32,45,13.87
404,Boueni,YT,2020-07-08 14:32:38,-12.9,45.08,80.6,74,21,10.29
405,Bandarbeyla,SO,2020-07-08 14:32:38,9.49,50.81,82.47,64,46,30.62
406,Los Llanos De Aridane,ES,2020-07-08 14:32:38,28.66,-17.92,78.8,69,20,14.99
407,Chicama,PE,2020-07-08 14:32:38,-7.84,-79.15,68.09,64,94,7.0
408,Umm Kaddadah,SD,2020-07-08 14:32:39,13.6,26.69,86.14,45,71,11.18
409,Poronaysk,RU,2020-07-08 14:32:39,49.22,143.12,53.78,97,100,3.33
410,Taldan,RU,2020-07-08 14:32:39,53.67,124.8,61.92,63,54,5.14
411,River Falls,US,2020-07-08 14:31:01,44.86,-92.62,80.01,81,100,1.01
412,Hami,CN,2020-07-08 14:32:39,42.8,93.45,85.32,15,11,13.85
413,Kambove,CD,2020-07-08 14:32:39,-10.88,26.6,77.16,28,0,4.45
414,Verkhnyaya Toyma,RU,2020-07-08 14:32:39,62.23,45.0,71.73,85,87,9.13
415,Hobyo,SO,2020-07-08 14:30:12,5.35,48.53,80.02,75,100,29.28
416,Birnin Kebbi,NG,2020-07-08 14:32:39,12.45,4.2,91.31,43,71,10.54
417,Yeniseysk,RU,2020-07-08 14:32:39,58.45,92.17,67.24,71,100,8.43
418,Minusinsk,RU,2020-07-08 14:32:40,53.71,91.69,71.6,64,69,4.47
419,Pointe Michel,DM,2020-07-08 14:32:40,15.25,-61.38,87.8,55,20,5.82
420,Taquari,BR,2020-07-08 14:28:11,-29.8,-51.86,60.01,90,100,4.0
421,Vestmanna,FO,2020-07-08 14:30:32,62.16,-7.17,51.8,81,17,10.29
422,Mamallapuram,IN,2020-07-08 14:32:40,12.63,80.17,86.0,70,40,13.87
423,Bosaso,SO,2020-07-08 14:32:40,11.28,49.18,93.2,71,96,6.93
424,Dali,CN,2020-07-08 14:32:40,25.7,100.18,65.01,86,100,6.06
425,Zlonice,CZ,2020-07-08 14:32:41,50.29,14.09,61.0,87,75,3.36
426,Mizdah,LY,2020-07-08 14:32:41,31.45,12.98,94.64,12,0,6.85
427,Dukat,RU,2020-07-08 14:31:10,62.55,155.55,46.35,92,100,7.61
428,Kalmunai,LK,2020-07-08 14:30:53,7.42,81.82,83.17,77,98,4.94
429,Richards Bay,ZA,2020-07-08 14:30:34,-28.78,32.04,65.66,67,34,9.73
430,Lagos,NG,2020-07-08 14:28:07,6.58,3.75,77.0,94,75,2.24
431,Rambha,IN,2020-07-08 14:32:41,19.52,85.1,84.6,78,94,12.93
432,Mayumba,GA,2020-07-08 14:30:50,-3.43,10.66,76.28,75,37,8.88
433,Grand-Santi,GF,2020-07-08 14:32:41,4.25,-54.38,92.48,48,69,0.78
434,Namwala,ZM,2020-07-08 14:32:42,-15.75,26.44,79.52,23,0,7.27
435,Piacabucu,BR,2020-07-08 14:32:42,-10.41,-36.43,80.87,68,9,3.96
436,Gidrotorf,RU,2020-07-08 14:32:42,56.47,43.54,95.0,39,0,8.95
437,Hanko,FI,2020-07-08 14:32:42,59.83,22.95,57.99,68,65,1.99
438,Stromness,GB,2020-07-08 14:32:42,58.97,-3.3,54.0,66,40,3.36
439,Panyutyne,UA,2020-07-08 14:32:42,48.93,36.28,68.95,78,78,16.13
440,Ketchikan,US,2020-07-08 14:32:42,55.34,-131.65,53.6,100,90,4.7
441,Nishihara,JP,2020-07-08 14:30:35,26.18,127.76,84.2,89,75,12.75
442,Husavik,IS,2020-07-08 14:30:19,66.04,-17.34,55.4,62,20,13.87
443,Cayenne,GF,2020-07-08 14:30:55,4.93,-52.33,77.0,94,11,5.82
444,Saint-Augustin,CA,2020-07-08 14:30:36,51.23,-58.65,65.48,63,83,21.34
445,Eureka,US,2020-07-08 14:32:35,40.8,-124.16,57.0,100,7,1.01
446,Jiaonan,CN,2020-07-08 14:32:43,35.88,119.98,73.0,83,1,4.47
447,Kayalpattinam,IN,2020-07-08 14:32:43,8.57,78.12,85.82,67,100,3.91
448,Jaguaribe,BR,2020-07-08 14:31:51,-5.89,-38.62,88.47,42,0,5.48
449,Virginia Beach,US,2020-07-08 14:28:50,36.85,-75.98,84.99,74,75,5.82
450,Victor Harbor,AU,2020-07-08 14:32:43,-35.57,138.62,39.99,92,67,9.19
451,Ilo,PE,2020-07-08 14:32:43,-17.64,-71.34,62.6,82,90,5.82
452,Barcelos,PT,2020-07-08 14:30:54,41.54,-8.62,79.0,82,90,5.82
453,Santa Cruz Del Sur,CU,2020-07-08 14:32:43,20.71,-78.0,88.0,63,26,12.48
454,Lima,PE,2020-07-08 14:30:18,-12.04,-77.03,60.8,87,90,3.36
455,Oranjemund,NA,2020-07-08 14:32:43,-28.55,16.43,70.54,26,0,16.44
456,Egvekinot,RU,2020-07-08 14:30:36,66.32,-179.17,43.5,99,99,0.25
457,Rio Cuarto,AR,2020-07-08 14:32:44,-33.13,-64.35,39.2,86,40,10.29
458,Serebryansk,KZ,2020-07-08 14:32:44,49.69,83.29,62.04,79,43,5.44
459,Rauma,FI,2020-07-08 14:32:44,61.13,21.51,57.2,76,20,2.24
460,Mitu,CO,2020-07-08 14:31:48,1.2,-70.17,81.3,81,16,2.53
461,Anadyr,RU,2020-07-08 14:30:37,64.75,177.48,53.6,76,50,2.24
462,Stranraer,GB,2020-07-08 14:32:44,54.9,-5.03,60.01,76,100,5.82
463,Faya,SA,2020-07-08 14:30:29,18.39,42.45,82.4,34,40,13.87
464,Marfino,RU,2020-07-08 14:32:44,55.7,37.38,78.01,69,40,8.95
465,Aleksandrovka,UA,2020-07-08 14:32:44,46.84,32.76,75.2,44,79,17.9
466,Mahanje,TZ,2020-07-08 14:32:45,-9.93,35.33,73.94,51,64,5.08
467,Phangnga,TH,2020-07-08 14:32:45,8.45,98.53,78.8,88,75,1.12
468,Thompson,CA,2020-07-08 14:29:50,55.74,-97.86,68.0,56,40,6.93
469,Praya,CV,2020-07-08 14:32:45,14.92,-23.51,86.0,66,40,6.93
470,Great Yarmouth,GB,2020-07-08 14:32:45,52.61,1.73,61.0,99,95,5.99
471,Makakilo City,US,2020-07-08 14:32:45,21.35,-158.09,77.0,83,20,3.36
472,Nanortalik,GL,2020-07-08 14:30:53,60.14,-45.24,43.72,82,78,6.17
473,Ponferrada,ES,2020-07-08 14:32:45,42.55,-6.6,93.0,27,22,5.99
474,Svetlyy,RU,2020-07-08 14:32:45,54.67,20.13,62.6,63,75,13.42
475,Saint Anthony,US,2020-07-08 14:30:54,45.02,-93.22,78.8,60,90,11.41
476,Kerema,PG,2020-07-08 14:32:46,-7.96,145.78,77.99,88,100,9.37
477,Dingle,PH,2020-07-08 14:30:12,11.0,122.67,78.48,82,84,3.44
478,Geeste,DE,2020-07-08 14:32:46,52.6,7.27,60.01,87,75,3.36
479,Camapua,BR,2020-07-08 14:32:46,-19.53,-54.04,76.21,45,41,5.01
480,Bac Lieu,VN,2020-07-08 14:32:46,9.29,105.72,81.3,77,100,2.46
481,Skibbereen,IE,2020-07-08 14:32:46,51.55,-9.27,60.8,93,75,12.75
482,Novovoronezh,RU,2020-07-08 14:32:47,51.31,39.22,84.2,42,98,8.95
483,Half Moon Bay,US,2020-07-08 14:32:47,37.46,-122.43,57.99,82,1,3.36
484,Shimoda,JP,2020-07-08 14:32:47,34.67,138.95,71.01,94,100,14.12
485,Niles,US,2020-07-08 14:32:47,42.02,-87.8,84.0,74,75,0.76
486,Puerto Baquerizo Moreno,EC,2020-07-08 14:30:08,-0.9,-89.6,67.66,87,58,14.61
487,Karsava,LV,2020-07-08 14:32:47,56.78,27.69,65.53,57,2,9.04
488,Tobol,KZ,2020-07-08 14:32:47,52.68,62.58,78.12,60,7,6.53
489,Chapais,CA,2020-07-08 14:30:47,49.78,-74.85,68.0,94,90,5.82
490,Maple Creek,CA,2020-07-08 14:32:47,49.92,-109.48,58.66,71,26,23.0
491,Acarau,BR,2020-07-08 14:32:47,-2.89,-40.12,85.24,61,0,10.13
492,Mitchell,US,2020-07-08 14:32:48,43.71,-98.03,78.8,65,1,9.17
493,Nadym,RU,2020-07-08 14:32:48,65.53,72.52,69.44,54,5,7.87
494,Emerald,AU,2020-07-08 14:32:48,-23.53,148.17,57.2,82,75,5.82
495,Terra Santa,BR,2020-07-08 14:32:48,-2.1,-56.49,89.85,51,0,3.96
496,Aitape,PG,2020-07-08 14:32:48,-3.14,142.35,79.03,84,97,7.85
497,Kondinskoye,RU,2020-07-08 14:32:48,59.65,67.41,82.17,56,14,6.82
498,Bestobe,KZ,2020-07-08 14:32:48,52.5,73.1,74.12,53,99,6.89
499,Sheregesh,RU,2020-07-08 14:32:48,52.92,87.99,56.98,93,5,1.59
500,Kinango,KE,2020-07-08 14:32:48,-4.14,39.32,82.4,65,75,12.75
501,Luderitz,NA,2020-07-08 14:31:08,-26.65,15.16,69.8,46,0,14.99
502,Simao,CN,2020-07-08 14:32:49,22.79,100.97,67.42,95,100,2.42
503,Najran,SA,2020-07-08 14:32:49,17.49,44.13,105.8,11,40,5.82
504,Port Augusta,AU,2020-07-08 14:30:16,-32.5,137.77,46.4,61,56,8.05
505,Aguimes,ES,2020-07-08 14:27:56,27.91,-15.45,82.0,61,20,32.21
506,Bonavista,CA,2020-07-08 14:32:49,48.65,-53.11,55.99,86,1,5.01
507,Ta Khmau,KH,2020-07-08 14:32:49,11.48,104.95,86.0,66,40,5.82
508,Ati,TD,2020-07-08 14:32:49,13.22,18.34,96.89,31,44,2.55
509,Bafq,IR,2020-07-08 14:32:49,31.61,55.41,92.44,19,17,11.27
510,Zacatlan,MX,2020-07-08 14:32:49,19.93,-97.97,67.3,56,99,1.07
511,Salalah,OM,2020-07-08 14:29:54,17.02,54.09,84.2,83,75,11.41
512,Bintulu,MY,2020-07-08 14:29:37,3.17,113.03,80.01,94,40,3.36
513,Cururupu,BR,2020-07-08 14:32:50,-1.83,-44.87,85.89,65,4,5.17
514,Presidencia Roque Saenz Pena,AR,2020-07-08 14:32:50,-26.79,-60.44,49.06,77,99,3.6
515,Bambous Virieux,MU,2020-07-08 14:30:29,-20.34,57.76,71.6,78,75,13.87
516,Lamego,PT,2020-07-08 14:32:50,41.1,-7.81,84.0,6,0,5.01
517,Utkivka,UA,2020-07-08 14:32:50,49.79,36.08,68.0,88,75,8.95
518,China,MX,2020-07-08 14:29:52,25.7,-99.23,82.54,67,2,14.47
519,Tessalit,ML,2020-07-08 14:30:29,20.2,1.01,110.32,6,0,8.43
520,Krasnyy Chikoy,RU,2020-07-08 14:32:50,50.36,108.75,63.01,86,100,2.98
521,Russell,US,2020-07-08 14:30:23,32.35,-85.2,82.4,78,90,6.93
522,Kirakira,SB,2020-07-08 14:31:12,-10.45,161.92,79.39,82,98,9.91
523,Bilma,NE,2020-07-08 14:32:51,18.69,12.92,103.24,16,32,4.07
524,Schneverdingen,DE,2020-07-08 14:32:51,53.12,9.8,62.6,59,75,9.17
525,Teahupoo,PF,2020-07-08 14:30:52,-17.83,-149.27,75.2,78,40,2.24
526,Itarema,BR,2020-07-08 14:30:05,-2.92,-39.92,85.48,59,0,11.43
527,Gushikawa,JP,2020-07-08 14:32:51,26.35,127.87,84.2,83,20,8.05
528,Iquitos,PE,2020-07-08 14:28:19,-3.75,-73.25,82.4,78,40,4.7
529,Sulangan,PH,2020-07-08 14:32:51,11.14,123.72,85.14,73,80,7.67
530,Zvishavane,ZW,2020-07-08 14:32:51,-20.33,30.07,65.55,48,16,12.82
531,Lungi,SL,2020-07-08 14:30:41,9.22,-12.68,83.79,74,99,5.44
532,Srednekolymsk,RU,2020-07-08 14:30:18,67.45,153.68,51.96,85,55,10.74
533,Abu Samrah,SY,2020-07-08 14:32:52,35.3,37.18,91.2,23,0,17.47
534,Nelson,NZ,2020-07-08 14:32:52,-41.28,173.28,36.0,89,4,1.99
535,Taggia,IT,2020-07-08 14:32:52,43.85,7.85,82.4,57,40,5.82
536,Port Lincoln,AU,2020-07-08 14:32:52,-34.73,135.87,51.62,53,0,15.23
537,Gonen,TR,2020-07-08 14:32:52,40.1,27.65,78.8,61,40,23.04
538,Finspang,SE,2020-07-08 14:32:52,58.71,15.77,60.01,67,86,8.05
539,Nemuro,JP,2020-07-08 14:32:52,43.32,145.57,59.77,99,98,4.76
540,Wajir,KE,2020-07-08 14:32:52,1.75,40.06,93.2,36,75,16.64
541,Burgeo,CA,2020-07-08 14:32:53,47.62,-57.62,62.92,72,63,9.15
542,Williston,US,2020-07-08 14:32:53,48.15,-103.62,64.99,80,0,1.99
543,Christchurch,NZ,2020-07-08 14:27:35,-43.53,172.63,37.99,93,100,5.82
544,Pahrump,US,2020-07-08 14:32:53,36.21,-115.98,81.0,18,0,8.01
545,El Dorado,US,2020-07-08 14:32:53,33.21,-92.67,77.0,100,90,3.36
